idRequerimento,totalRegistros,numeroProtocolo,numeroProcesso,numeroRegistro,nomeValorMobiliario,tipoDeOferta,statusDaOferta,nomeEmissor,cnpjEmissor,nomeCoordenadorLider,cnpjCoordenadorLider,valorTotalEmReais,data,nomeTipoRequerimento,vasoComunicante,possuiBook,registroAutomatico,razaoSocialFundoAssociado
26376,1584,1578/2026,SRE/1578/2026,CVM/SRE/AUT/DEB/PRI/2026/261,Debêntures,PRIMARIA,Registro Concedido,DELTA SUCROENERGIA S.A,13.537.735/0001-09,ITAU BBA ASSESSORIA FINANCEIRA S.A,04.845.753/0001-59,"220.000.000,0000",26/05/2026,OPD Aut Profissional - com bookbuilding - Emissor Não Registrado,False,True,True,
26412,1584,1599/2026,SRE/1599/2026,CVM/SRE/AUT/DEB/PRI/2026/260,Debêntures,PRIMARIA,Registro Concedido,PRINER SERVIÇOS INDUSTRIAIS S.A.,18.593.815/0001-97,BANCO VOTORANTIM S.A.,59.588.111/0001-03,"50.000.000,0000",26/05/2026,OPD Aut Profissional - com bookbuilding,False,True,True,
26351,1584,1541/2026,SRE/1541/2026,CVM/SRE/AUT/FII/PRI/2026/170,Cotas de FII,PRIMARIA,Registro Concedido,KINEA CREDITO RESIDENCIAL PULVERIZADO FUNDO DE INVESTIMENTO IMOBILIARIO RESPONSABILIDADE LIMITADA,66.038.922/0001-04,ITAU BBA ASSESSORIA FINANCEIRA S.A,04.845.753/0001-59,"510.000.000,0000",26/05/2026,OPD Aut Público em Geral ou Qualificado - com bookbuilding,False,True,True,KINEA CRÉDITO RESIDENCIAL PULVERIZADO FUNDO DE INVESTIMENTO IMOBILIÁRIO RESPONSABILIDADE LIMITADA
26246,1584,1494/2026,SRE/1494/2026,CVM/SRE/AUT/CPR/PRI/2026/009;CVM/SRE/AUT/CPR/PRI/2026/010,Cédula de Produto Rural Financeira,PRIMARIA,Registro Concedido,POLATO SEMENTES LTDA,44.514.091/0001-59,ITAU BBA ASSESSORIA FINANCEIRA S.A,04.845.753/0001-59,"142.107.000,0000",26/05/2026,OPD Aut Profissional - com bookbuilding - Emissor Não Registrado,False,True,True,
26348,1584,1538/2026,SRE/1538/2026,CVM/SRE/AUT/DEB/PRI/2026/259,Debêntures,PRIMARIA,Registro Concedido,COMBIO ENERGIA S.A.,10.376.555/0001-96,BANCO SANTANDER (BRASIL) S.A.,90.400.888/0001-42,"200.000.000,0000",26/05/2026,OPD Aut Profissional - com bookbuilding - Emissor Não Registrado,False,True,True,
26403,1584,1596/2026,SRE/1596/2026,CVM/SRE/AUT/DEB/PRI/2026/258,Debêntures,PRIMARIA,Oferta Encerrada,REFINARIA DE MATARIPE S.A.,41.777.706/0001-41,"UBS BB Corretora de Câmbio, Títulos e Valores Mobiliários S.A.",02.819.125/0001-73,"275.000.000,0000",26/05/2026,OPD Aut Profissional - com bookbuilding - Emissor Não Registrado,False,True,True,
26453,1584,1634/2026,SRE/1634/2026,CVM/SRE/AUT/FII/PRI/2026/168,Cotas de FII,PRIMARIA,Registro Concedido,BGR B32 FUNDO DE INVESTIMENTO IMOBILIÁRIO,57.216.258/0001-47,XP INVESTIMENTOS CCTVM S.A.,02.332.886/0001-04,"45.081.840,0000",25/05/2026,OPD Aut Público em Geral ou Qualificado - sem bookbuilding,False,False,True,BGR B32 FUNDO DE INVESTIMENTO IMOBILIÁRIO
26454,1584,1633/2026,SRE/1633/2026,,Debêntures,PRIMARIA,Aguardando Bookbuilding,ROSARIO DO CATETE AMBIENTAL SOCIEDADE ANONIMA,43.061.782/0001-81,BANCO BTG PACTUAL S/A,30.306.294/0001-45,"126.000.000,0000",25/05/2026,OPD Aut Profissional - com bookbuilding - Emissor Não Registrado,False,False,True,
26444,1584,1632/2026,SRE/1632/2026,CVM/SRE/AUT/DEB/PRI/2026/257,Debêntures,PRIMARIA,Registro Concedido,ORIZON MEIO AMBIENTE S.A.,03.279.285/0001-30,BANCO MIZUHO DO BRASIL S/A,61.088.183/0001-33,"150.000.000,0000",25/05/2026,OPD Aut Profissional - sem bookbuilding,False,False,True,
26338,1584,1572/2026,SRE/1572/2026,CVM/SRE/AUT/DEB/PRI/2026/255;CVM/SRE/AUT/DEB/PRI/2026/256,Debêntures,PRIMARIA,Registro Concedido,METRO BH S.A.,46.574.475/0001-92,BR PARTNERS BANCO DE INVESTIMENTO S.A.,13.220.493/0001-17,"300.000.000,0000",25/05/2026,OPD Aut Profissional - com bookbuilding - Emissor Não Registrado,False,True,True,
26153,1584,1363/2026,SRE/1363/2026,CVM/SRE/AUT/DEB/PRI/2026/254,Debêntures,PRIMARIA,Registro Concedido,REDE D'OR SÃO LUIZ S.A.,06.047.087/0001-39,BTG PACTUAL INVESTMENT BANKING LTDA.,46.482.072/0001-13,"2.485.000.000,0000",25/05/2026,OPD Aut Profissional - com bookbuilding,False,True,True,
26451,1584,1631/2026,SRE/1631/2026,CVM/SRE/AUT/FDC/PRI/2026/806,Cotas de FIDC,PRIMARIA,Registro Concedido,PRECAVIDA EQI FUNDO DE INVESTIMENTO EM DIREITOS CREDITÓRIOS,63.515.403/0001-93,BTG PACTUAL SERVIÇOS FINANCEIROS S/A DTVM,59.281.253/0001-23,"15.000.000,0000",25/05/2026,OPD Aut Profissional - sem bookbuilding,False,False,True,PRECAVIDA EQI FUNDO DE INVESTIMENTO EM DIREITOS CREDITÓRIOS
26449,1584,1630/2026,SRE/1630/2026,,Notas Comerciais,PRIMARIA,Aguardando Bookbuilding,COMÉRCIO DE MEDICAMENTOS BRAIR LTDA.,88.212.113/0001-00,BANCO SANTANDER (BRASIL) S.A.,90.400.888/0001-42,"200.000.000,0000",25/05/2026,OPD Aut Profissional - com bookbuilding - Emissor Não Registrado,False,False,True,
26446,1584,1628/2026,SRE/1628/2026,CVM/SRE/AUT/FDC/PRI/2026/805,Cotas de FIDC,PRIMARIA,Registro Concedido,PATRIMONIAL TIGNES FI EM COTAS DE FI EM DIREITOS CREDITORIOS RESPONSABILIDADE LIMITADA,66.935.232/0001-40,BTG PACTUAL SERVIÇOS FINANCEIROS S/A DTVM,59.281.253/0001-23,"250.000.000,0000",25/05/2026,OPD Aut Público em Geral ou Qualificado - sem bookbuilding,False,False,True,PATRIMONIAL TIGNES FI EM COTAS DE FI EM DIREITOS CREDITÓRIOS RESPONSABILIDADE LIMITADA
26442,1584,1627/2026,SRE/1627/2026,CVM/SRE/AUT/FIF/PRI/2026/088,Cotas de FIF,PRIMARIA,Registro Concedido,RMK FUNDO DE INVESTIMENTO FINANCEIRO EM COTAS DE FUNDOS DE INVESTIMENTO MULTIMERCADO,62.300.200/0001-17,BTG PACTUAL SERVIÇOS FINANCEIROS S/A DTVM,59.281.253/0001-23,"309.999,9900",25/05/2026,OPD Aut Profissional - sem bookbuilding,False,False,True,RMK FUNDO DE INVESTIMENTO FINANCEIRO EM COTAS DE FUNDOS DE INVESTIMENTO MULTIMERCADO
26423,1584,1626/2026,SRE/1626/2026,CVM/SRE/AUT/CRI/PRI/2026/305,Certificados de Recebíveis Imobiliários,PRIMARIA,Registro Concedido,RIZA SECURITIZADORA S.A.,08.769.451/0001-08,RIZA SECURITIZADORA S.A.,08.769.451/0001-08,"5.000.000,0000",25/05/2026,OPD Aut Profissional - sem bookbuilding,False,False,True,
26326,1584,1625/2026,SRE/1625/2026,CVM/SRE/AUT/FDC/PRI/2026/803;CVM/SRE/AUT/FDC/PRI/2026/804,Cotas de FIDC,PRIMARIA,Oferta Encerrada,JEITTO FUNDO DE INVESTIMENTO EM DIREITOS CREDITÓRIOS  GUARDIAN RESPONSABILIDADE LIMITADA,61.157.943/0001-17,BR PARTNERS BANCO DE INVESTIMENTO S.A.,13.220.493/0001-17,"22.069.000,0000",25/05/2026,OPD Aut Profissional - sem bookbuilding,False,False,True,JEITTO FUNDO DE INVESTIMENTO EM DIREITOS CREDITÓRIOS  GUARDIAN RESPONSABILIDADE LIMITADA
26416,1584,1624/2026,SRE/1624/2026,CVM/SRE/AUT/CRI/PRI/2026/301;CVM/SRE/AUT/CRI/PRI/2026/302;CVM/SRE/AUT/CRI/PRI/2026/303;CVM/SRE/AUT/CRI/PRI/2026/304,Certificados de Recebíveis Imobiliários,PRIMARIA,Registro Concedido,CANAL COMPANHIA DE SECURITIZAÇÃO,41.811.375/0001-19,CANAL COMPANHIA DE SECURITIZAÇÃO,41.811.375/0001-19,"70.450.000,0000",25/05/2026,OPD Aut Profissional - sem bookbuilding,False,False,True,
26438,1584,1623/2026,SRE/1623/2026,CVM/SRE/AUT/OTS/PRI/2026/085;CVM/SRE/AUT/OTS/PRI/2026/086;CVM/SRE/AUT/OTS/PRI/2026/087;CVM/SRE/AUT/OTS/PRI/2026/088;CVM/SRE/AUT/OTS/PRI/2026/089,Outros títulos de securitização,PRIMARIA,Oferta Encerrada,TRAVESSIA SECURITIZADORA DE CRÉDITOS FINANCEIROS S.A.,38.042.694/0001-00,OSLO CAPITAL DISTRIBUIDORA DE TITULOS E VALORES MOBILIARIOS S.A.,13.673.855/0001-25,"4.500.000.000,0000",25/05/2026,OPD Aut Profissional - sem bookbuilding,False,False,True,
26436,1584,1622/2026,SRE/1622/2026,CVM/SRE/AUT/CRI/PRI/2026/298;CVM/SRE/AUT/CRI/PRI/2026/299;CVM/SRE/AUT/CRI/PRI/2026/300,Certificados de Recebíveis Imobiliários,PRIMARIA,Registro Concedido,CIA PROVINCIA DE SECURITIZAÇÃO,04.200.649/0001-07,BANCO ANDBANK (BRASIL) S.A.,48.795.256/0001-69,"200.000.000,0000",25/05/2026,OPD Aut Profissional - sem bookbuilding,False,False,True,
26437,1584,1621/2026,SRE/1621/2026,CVM/SRE/AUT/FIF/PRI/2026/087,Cotas de FIF,PRIMARIA,Registro Concedido,SPECTRA P VII FUNDO DE INVESTIMENTO FINANCEIRO EM COTAS DE FUNDOS DE INVESTIMENTO MULTIMERCADO,66.619.930/0001-36,BTG PACTUAL SERVIÇOS FINANCEIROS S/A DTVM,59.281.253/0001-23,"150.000.000,0000",25/05/2026,OPD Aut Profissional - sem bookbuilding,True,False,True,SPECTRA P VII FUNDO DE INVESTIMENTO FINANCEIRO EM COTAS DE FUNDOS DE INVESTIMENTO MULTIMERCADO
26435,1584,1619/2026,SRE/1619/2026,CVM/SRE/AUT/FDC/PRI/2026/802,Cotas de FIDC,PRIMARIA,Registro Concedido,NEOWISE  FEEDER I FUNDO DE INVESTIMENTO EM DIREITOS CREDITORIOS - RESPONSABILIDADE LIMITADA,60.762.129/0001-69,ID CORRETORA DE TITULOS E VALORES MOBILIARIOS S.A.,16.695.922/0001-09,"8.000.000,0300",25/05/2026,OPD Aut Profissional - sem bookbuilding,False,False,True,NEOWISE  FEEDER I FUNDO DE INVESTIMENTO EM DIREITOS CREDITÓRIOS - RESPONSABILIDADE LIMITADA
26433,1584,1618/2026,SRE/1618/2026,CVM/SRE/AUT/FDC/PRI/2026/801,Cotas de FIDC,PRIMARIA,Registro Concedido,NANBAN III FUNDO DE INVESTIMENTO  EM DIREITOS CREDITORIOS RESPONSABILIDADE LIMITADA,66.790.149/0001-20,ID CORRETORA DE TITULOS E VALORES MOBILIARIOS S.A.,16.695.922/0001-09,"100.000.000,0000",25/05/2026,OPD Aut Profissional - sem bookbuilding,False,False,True,NANBAN III FUNDO DE INVESTIMENTO  EM DIREITOS CREDITÓRIOS RESPONSABILIDADE LIMITADA
26417,1584,1617/2026,SRE/1617/2026,CVM/SRE/AUT/FDC/PRI/2026/800,Cotas de FIDC,PRIMARIA,Registro Concedido,VECTOR FUNDO DE INVESTIMENTO EM DIREITOS CREDITÓRIOS  MULTISSETORIAL,19.187.295/0001-85,HEMERA DISTRIBUIDORA DE TITULOS E VALORES MOBILIARIOS LTDA,39.669.186/0001-01,"8.000.000,0000",25/05/2026,OPD Aut Profissional - sem bookbuilding,False,False,True,VECTOR FUNDO DE INVESTIMENTO EM DIREITOS CREDITÓRIOS  MULTISSETORIAL
26432,1584,1616/2026,SRE/1616/2026,CVM/SRE/AUT/FIP/PRI/2026/126,Cotas de FIP,PRIMARIA,Registro Concedido,RAVELLO FUNDO DE INVESTIMENTO EM PARTICIPAÇÕES MULTIESTRATÉGIA,50.269.626/0001-76,PLANNER CORRETORA DE VALORES S.A.,00.806.535/0001-54,"150.000.000,5000",25/05/2026,OPD Aut Profissional - sem bookbuilding,False,False,True,RAVELLO FUNDO DE INVESTIMENTO EM PARTICIPAÇÕES MULTIESTRATÉGIA
26337,1584,1559/2026,SRE/1559/2026,CVM/SRE/AUT/NOC/PRI/2026/100,Notas Comerciais,PRIMARIA,Registro Concedido,COMÉRCIO DE MEDICAMENTOS BRAIR LTDA.,88.212.113/0001-00,BANCO SAFRA S/A,58.160.789/0001-28,"300.000.000,0000",25/05/2026,OPD Aut Profissional - com bookbuilding - Emissor Não Registrado,False,True,True,
26401,1584,1615/2026,SRE/1615/2026,CVM/SRE/AUT/FII/PRI/2026/167,Cotas de FII,PRIMARIA,Registro Concedido,BRC Renda Corporativa Fundo de Investimento Imobiliário - Responsabilidade Limitada,30.567.216/0001-02,BR-CAPITAL DTVM S.A.,44.077.014/0001-89,"300.000.000,0000",25/05/2026,OPD Aut Público em Geral ou Qualificado - sem bookbuilding,False,False,True,BRC Renda Corporativa Fundo de Investimento Imobiliário - Responsabilidade Limitada
26415,1584,1614/2026,SRE/1614/2026,CVM/SRE/AUT/FIF/PRI/2026/086,Cotas de FIF,PRIMARIA,Registro Concedido,TOURBILLON FUNDO DE INVESTIMENTO MULTIMERCADO CREDITO PRIVADO E INVESTIMENTO NO EXTERIOR RESPONSABIL,65.887.783/0001-12,ACTUAL DISTRIBUIDORA DE TITULOS E VALORES MOBILIARIOS S.A.,44.782.130/0001-07,"4.000.000,0000",24/05/2026,OPD Aut Profissional - sem bookbuilding,False,False,True,TOURBILLON FUNDO DE INVESTIMENTO MULTIMERCADO CREDITO PRIVADO E INVESTIMENTO NO EXTERIOR RESPONSABIL
26426,1584,1613/2026,SRE/1613/2026,CVM/SRE/AUT/FII/PRI/2026/166,Cotas de FII,PRIMARIA,Registro Concedido,PÁTRIA RENDA URBANA - FUNDO DE INVESTIMENTO IMOBILIÁRIO - RESPONSABILIDADE LIMITADA,29.641.226/0001-53,BTG PACTUAL INVESTMENT BANKING LTDA.,46.482.072/0001-13,"1.876.745.938,5400",22/05/2026,OPD Aut Público em Geral ou Qualificado - sem bookbuilding,False,False,True,PÁTRIA RENDA URBANA - FUNDO DE INVESTIMENTO IMOBILIÁRIO - RESPONSABILIDADE LIMITADA
26427,1584,1612/2026,SRE/1612/2026,,Certificados de Recebíveis do Agronegócio,PRIMARIA,Aguardando Bookbuilding,OPEA SECURITIZADORA S.A.,02.773.542/0001-22,BANCO SANTANDER (BRASIL) S.A.,90.400.888/0001-42,"180.000.000,0000",22/05/2026,OPD Aut Profissional - com bookbuilding,False,False,True,
